{
  "rank": "junior",
  "success_streak": 0,
  "total_success": 0,
  "total_runs": 1,
  "rolling_avg": 0.120000005,
  "last_promo_ts": "2025-08-27T20:24:00.037729+00:00"
}